0,101_chanpoly,852830.9965371271,177500.0,0.0,E:/dsm2GisReference/bay_delta_dem_v4.gdb/dem_delta_10m_20180615
1,102_chanpoly,343626.89774394967,112000.0,0.0,E:/dsm2GisReference/bay_delta_dem_v4.gdb/dem_delta_10m_20180615
2,104_chanpoly,423232.69746801234,134200.0,0.0,E:/dsm2GisReference/bay_delta_dem_v4.gdb/dem_delta_10m_20180615
3,105_chanpoly,705696.0565674584,160800.0,0.0,E:/dsm2GisReference/bay_delta_dem_v4.gdb/dem_delta_10m_20180615
4,106_chanpoly,945443.3600147604,217600.0,0.0,E:/dsm2GisReference/bay_delta_dem_v4.gdb/dem_delta_10m_20180615
5,107_chanpoly,362263.807230955,83100.0,0.0,E:/dsm2GisReference/bay_delta_dem_v4.gdb/dem_delta_10m_20180615
6,108_chanpoly,1517161.0782686388,320300.0,0.0,E:/dsm2GisReference/bay_delta_dem_v4.gdb/dem_delta_10m_20180615
7,10_chanpoly,312109.77006154135,143800.0,0.0,E:/dsm2GisReference/bay_delta_dem_v4.gdb/dem_delta_10m_20180615
8,111_chanpoly,2163176.5756572364,529500.0,0.0,E:/dsm2GisReference/bay_delta_dem_v4.gdb/dem_delta_10m_20180615
9,114_chanpoly,600904.9732597603,155900.0,0.0,E:/dsm2GisReference/bay_delta_dem_v4.gdb/dem_delta_10m_20180615
10,115_chanpoly,830897.0686790068,147800.0,0.0,E:/dsm2GisReference/bay_delta_dem_v4.gdb/dem_delta_10m_20180615
11,116_chanpoly,535766.6235571494,150900.0,0.0,E:/dsm2GisReference/bay_delta_dem_v4.gdb/dem_delta_10m_20180615
12,117_chanpoly,2792861.1101546776,538500.0,0.0,E:/dsm2GisReference/bay_delta_dem_v4.gdb/dem_delta_10m_20180615
13,118_chanpoly,1427228.1780204154,503700.0,0.0,E:/dsm2GisReference/bay_delta_dem_v4.gdb/dem_delta_10m_20180615
14,119_chanpoly,4466864.790498838,797500.0,0.0,E:/dsm2GisReference/bay_delta_dem_v4.gdb/dem_delta_10m_20180615
15,11_chanpoly,463016.9890895486,202700.0,0.0,E:/dsm2GisReference/bay_delta_dem_v4.gdb/dem_delta_10m_20180615
16,120_chanpoly,828264.9151656777,183500.0,0.0,E:/dsm2GisReference/bay_delta_dem_v4.gdb/dem_delta_10m_20180615
17,121_chanpoly,1415059.585324451,420900.0,0.0,E:/dsm2GisReference/bay_delta_dem_v4.gdb/dem_delta_10m_20180615
18,122_chanpoly,1098518.1883096695,365600.0,0.0,E:/dsm2GisReference/bay_delta_dem_v4.gdb/dem_delta_10m_20180615
19,123_chanpoly,1072399.4094800204,218200.0,0.0,E:/dsm2GisReference/bay_delta_dem_v4.gdb/dem_delta_10m_20180615
20,124_chanpoly,2058334.2261806233,623800.0,0.0,E:/dsm2GisReference/bay_delta_dem_v4.gdb/dem_delta_10m_20180615
21,125_chanpoly,244.81719583272934,500.0,0.0,E:/dsm2GisReference/bay_delta_dem_v4.gdb/dem_delta_10m_20180615
22,126_chanpoly,691.1838293075562,800.0,0.0,E:/dsm2GisReference/bay_delta_dem_v4.gdb/dem_delta_10m_20180615
23,127_chanpoly,1047.4959626793861,1400.0,0.0,E:/dsm2GisReference/bay_delta_dem_v4.gdb/dem_delta_10m_20180615
24,128_chanpoly,4225.281760562211,7400.0,0.0,E:/dsm2GisReference/bay_delta_dem_v4.gdb/dem_delta_10m_20180615
25,129_chanpoly,13942.412667814642,20500.0,0.0,E:/dsm2GisReference/bay_delta_dem_v4.gdb/dem_delta_10m_20180615
26,12_chanpoly,483070.31273401296,184500.0,0.0,E:/dsm2GisReference/bay_delta_dem_v4.gdb/dem_delta_10m_20180615
27,130_chanpoly,37278.49415154196,36600.0,0.0,E:/dsm2GisReference/bay_delta_dem_v4.gdb/dem_delta_10m_20180615
28,131_chanpoly,34173.63418979803,39000.0,0.0,E:/dsm2GisReference/bay_delta_dem_v4.gdb/dem_delta_10m_20180615
29,132_chanpoly,33752.325714658946,47500.0,0.0,E:/dsm2GisReference/bay_delta_dem_v4.gdb/dem_delta_10m_20180615
30,133_chanpoly,80485.65578116104,82800.0,0.0,E:/dsm2GisReference/bay_delta_dem_v4.gdb/dem_delta_10m_20180615
31,134_chanpoly,183746.5943797113,158700.0,0.0,E:/dsm2GisReference/bay_delta_dem_v4.gdb/dem_delta_10m_20180615
32,135_chanpoly,493476.8620659015,188600.0,0.0,E:/dsm2GisReference/bay_delta_dem_v4.gdb/dem_delta_10m_20180615
33,136_chanpoly,257146.05179224163,78800.0,0.0,E:/dsm2GisReference/bay_delta_dem_v4.gdb/dem_delta_10m_20180615
34,137_chanpoly,523943.3012612237,156900.0,0.0,E:/dsm2GisReference/bay_delta_dem_v4.gdb/dem_delta_10m_20180615
35,138_chanpoly,806989.1899494454,229600.0,0.0,E:/dsm2GisReference/bay_delta_dem_v4.gdb/dem_delta_10m_20180615
36,139_chanpoly,618710.8163656667,170200.0,0.0,E:/dsm2GisReference/bay_delta_dem_v4.gdb/dem_delta_10m_20180615
37,13_chanpoly,197977.3518775357,79200.0,0.0,E:/dsm2GisReference/bay_delta_dem_v4.gdb/dem_delta_10m_20180615
38,140_chanpoly,721634.4072859734,123500.0,0.0,E:/dsm2GisReference/bay_delta_dem_v4.gdb/dem_delta_10m_20180615
39,141_chanpoly,564765.868806548,135200.0,0.0,E:/dsm2GisReference/bay_delta_dem_v4.gdb/dem_delta_10m_20180615
40,142_chanpoly,544932.9005846754,128000.0,0.0,E:/dsm2GisReference/bay_delta_dem_v4.gdb/dem_delta_10m_20180615
41,143_chanpoly,915730.8451922843,188400.0,0.0,E:/dsm2GisReference/bay_delta_dem_v4.gdb/dem_delta_10m_20180615
42,144_chanpoly,502260.2896139957,116400.0,0.0,E:/dsm2GisReference/bay_delta_dem_v4.gdb/dem_delta_10m_20180615
43,145_chanpoly,499838.29326000414,125300.0,0.0,E:/dsm2GisReference/bay_delta_dem_v4.gdb/dem_delta_10m_20180615
44,146_chanpoly,26009.576572699007,50000.0,0.0,E:/dsm2GisReference/bay_delta_dem_v4.gdb/dem_delta_10m_20180615
45,147_chanpoly,562317.0303408056,84900.0,0.0,E:/dsm2GisReference/bay_delta_dem_v4.gdb/dem_delta_10m_20180615
46,148_chanpoly,843222.5437149405,225800.0,0.0,E:/dsm2GisReference/bay_delta_dem_v4.gdb/dem_delta_10m_20180615
47,149_chanpoly,893047.5865399465,240400.0,0.0,E:/dsm2GisReference/bay_delta_dem_v4.gdb/dem_delta_10m_20180615
48,14_chanpoly,285844.3797985092,96700.0,0.0,E:/dsm2GisReference/bay_delta_dem_v4.gdb/dem_delta_10m_20180615
49,150_chanpoly,1292995.6160553265,258200.0,0.0,E:/dsm2GisReference/bay_delta_dem_v4.gdb/dem_delta_10m_20180615
50,151_chanpoly,914560.2622150909,208900.0,0.0,E:/dsm2GisReference/bay_delta_dem_v4.gdb/dem_delta_10m_20180615
51,152_chanpoly,1119941.23759754,208800.0,0.0,E:/dsm2GisReference/bay_delta_dem_v4.gdb/dem_delta_10m_20180615
52,153_chanpoly,973686.3808359951,208100.0,0.0,E:/dsm2GisReference/bay_delta_dem_v4.gdb/dem_delta_10m_20180615
53,154_chanpoly,685426.6215758398,148400.0,0.0,E:/dsm2GisReference/bay_delta_dem_v4.gdb/dem_delta_10m_20180615
54,155_chanpoly,363642.0003168285,53000.0,0.0,E:/dsm2GisReference/bay_delta_dem_v4.gdb/dem_delta_10m_20180615
55,156_chanpoly,1282214.9990836158,163300.0,0.0,E:/dsm2GisReference/bay_delta_dem_v4.gdb/dem_delta_10m_20180615
56,157_chanpoly,929391.9997571036,159100.0,0.0,E:/dsm2GisReference/bay_delta_dem_v4.gdb/dem_delta_10m_20180615
57,158_chanpoly,274241.99980665,83500.0,0.0,E:/dsm2GisReference/bay_delta_dem_v4.gdb/dem_delta_10m_20180615
58,159_chanpoly,2312892.998429574,399000.0,0.0,E:/dsm2GisReference/bay_delta_dem_v4.gdb/dem_delta_10m_20180615
59,15_chanpoly,231340.45848776586,84000.0,0.0,E:/dsm2GisReference/bay_delta_dem_v4.gdb/dem_delta_10m_20180615
60,160_chanpoly,1132212.9997046664,298300.0,0.0,E:/dsm2GisReference/bay_delta_dem_v4.gdb/dem_delta_10m_20180615
61,161_chanpoly,6777520.999660157,1150100.0,0.0,E:/dsm2GisReference/bay_delta_dem_v4.gdb/dem_delta_10m_20180615
62,162_chanpoly,727793.9996527508,337200.0,0.0,E:/dsm2GisReference/bay_delta_dem_v4.gdb/dem_delta_10m_20180615
63,163_chanpoly,3439035.001203418,467300.0,0.0,E:/dsm2GisReference/bay_delta_dem_v4.gdb/dem_delta_10m_20180615
64,164_chanpoly,732923.9991158247,196900.0,0.0,E:/dsm2GisReference/bay_delta_dem_v4.gdb/dem_delta_10m_20180615
65,165_chanpoly,932637.999820523,226300.0,0.0,E:/dsm2GisReference/bay_delta_dem_v4.gdb/dem_delta_10m_20180615
66,166_chanpoly,376092.00019892305,85300.0,0.0,E:/dsm2GisReference/bay_delta_dem_v4.gdb/dem_delta_10m_20180615
67,167_chanpoly,485602.99984868616,92800.0,0.0,E:/dsm2GisReference/bay_delta_dem_v4.gdb/dem_delta_10m_20180615
68,168_chanpoly,1399516.9985800982,221600.0,0.0,E:/dsm2GisReference/bay_delta_dem_v4.gdb/dem_delta_10m_20180615
69,169_chanpoly,11289.999917522073,27000.0,0.0,E:/dsm2GisReference/bay_delta_dem_v4.gdb/dem_delta_10m_20180615
70,16_chanpoly,545969.774964638,114100.0,0.0,E:/dsm2GisReference/bay_delta_dem_v4.gdb/dem_delta_10m_20180615
71,170_chanpoly,21693.9999230206,47600.0,0.0,E:/dsm2GisReference/bay_delta_dem_v4.gdb/dem_delta_10m_20180615
72,171_chanpoly,30303.999830782413,42900.0,0.0,E:/dsm2GisReference/bay_delta_dem_v4.gdb/dem_delta_10m_20180615
73,172_chanpoly,495997.9999601841,148700.0,0.0,E:/dsm2GisReference/bay_delta_dem_v4.gdb/dem_delta_10m_20180615
74,173_chanpoly,778927.0000552759,204300.0,0.0,E:/dsm2GisReference/bay_delta_dem_v4.gdb/dem_delta_10m_20180615
75,174_chanpoly,610916.0002848133,183900.0,0.0,E:/dsm2GisReference/bay_delta_dem_v4.gdb/dem_delta_10m_20180615
76,175_chanpoly,630014.0013219789,144400.0,0.0,E:/dsm2GisReference/bay_delta_dem_v4.gdb/dem_delta_10m_20180615
77,176_chanpoly,682064.0004757792,151800.0,0.0,E:/dsm2GisReference/bay_delta_dem_v4.gdb/dem_delta_10m_20180615
78,177_chanpoly,635931.9981187582,119800.0,0.0,E:/dsm2GisReference/bay_delta_dem_v4.gdb/dem_delta_10m_20180615
79,178_chanpoly,823904.5332526439,139300.0,0.0,E:/dsm2GisReference/bay_delta_dem_v4.gdb/dem_delta_10m_20180615
80,179_chanpoly,273279.40161061124,122100.0,0.0,E:/dsm2GisReference/bay_delta_dem_v4.gdb/dem_delta_10m_20180615
82,180_chanpoly,504124.0004975349,216700.0,0.0,E:/dsm2GisReference/bay_delta_dem_v4.gdb/dem_delta_10m_20180615
83,181_chanpoly,568597.0001108944,205800.0,0.0,E:/dsm2GisReference/bay_delta_dem_v4.gdb/dem_delta_10m_20180615
84,182_chanpoly,479552.9995465651,141100.0,0.0,E:/dsm2GisReference/bay_delta_dem_v4.gdb/dem_delta_10m_20180615
85,183_chanpoly,19156.895620864816,42200.0,0.0,E:/dsm2GisReference/bay_delta_dem_v4.gdb/dem_delta_10m_20180615
86,184_chanpoly,47404.562727874145,68500.0,0.0,E:/dsm2GisReference/bay_delta_dem_v4.gdb/dem_delta_10m_20180615
87,185_chanpoly,1416.999995522201,4900.0,0.0,E:/dsm2GisReference/bay_delta_dem_v4.gdb/dem_delta_10m_20180615
88,186_chanpoly,12.999999895691872,200.0,0.0,E:/dsm2GisReference/bay_delta_dem_v4.gdb/dem_delta_10m_20180615
89,187_chanpoly,113.00000250339508,300.0,0.0,E:/dsm2GisReference/bay_delta_dem_v4.gdb/dem_delta_10m_20180615
90,188_chanpoly,25.000000186264515,300.0,0.0,E:/dsm2GisReference/bay_delta_dem_v4.gdb/dem_delta_10m_20180615
91,189_chanpoly,252.9999978840351,2000.0,0.0,E:/dsm2GisReference/bay_delta_dem_v4.gdb/dem_delta_10m_20180615
92,18_chanpoly,1381952.000218816,180700.0,0.0,E:/dsm2GisReference/bay_delta_dem_v4.gdb/dem_delta_10m_20180615
93,190_chanpoly,147.99999743700027,500.0,0.0,E:/dsm2GisReference/bay_delta_dem_v4.gdb/dem_delta_10m_20180615
94,191_chanpoly,404.0000010281801,1400.0,0.0,E:/dsm2GisReference/bay_delta_dem_v4.gdb/dem_delta_10m_20180615
95,192_chanpoly,77.00000070035458,400.0,0.0,E:/dsm2GisReference/bay_delta_dem_v4.gdb/dem_delta_10m_20180615
96,193_chanpoly,1030.9999966993928,5400.0,0.0,E:/dsm2GisReference/bay_delta_dem_v4.gdb/dem_delta_10m_20180615
97,194_chanpoly,2541.999991238117,4800.0,0.0,E:/dsm2GisReference/bay_delta_dem_v4.gdb/dem_delta_10m_20180615
100,197_chanpoly,510.9999969601631,1200.0,0.0,E:/dsm2GisReference/bay_delta_dem_v4.gdb/dem_delta_10m_20180615
101,198_chanpoly,13394.000024721026,17600.0,0.0,E:/dsm2GisReference/bay_delta_dem_v4.gdb/dem_delta_10m_20180615
102,199_chanpoly,57.468706369400024,100.0,0.0,E:/dsm2GisReference/bay_delta_dem_v4.gdb/dem_delta_10m_20180615
103,19_chanpoly,1300220.9993619472,184700.0,0.0,E:/dsm2GisReference/bay_delta_dem_v4.gdb/dem_delta_10m_20180615
105,200_chanpoly,1396.9999961555004,1700.0,0.0,E:/dsm2GisReference/bay_delta_dem_v4.gdb/dem_delta_10m_20180615
106,201_chanpoly,1515.0000046938658,7800.0,0.0,E:/dsm2GisReference/bay_delta_dem_v4.gdb/dem_delta_10m_20180615
107,202_chanpoly,12520.211649686098,28300.0,0.0,E:/dsm2GisReference/bay_delta_dem_v4.gdb/dem_delta_10m_20180615
108,203_chanpoly,88843.11178057687,81000.0,0.0,E:/dsm2GisReference/bay_delta_dem_v4.gdb/dem_delta_10m_20180615
109,204_chanpoly,4620.674855759717,29300.0,0.0,E:/dsm2GisReference/bay_delta_dem_v4.gdb/dem_delta_10m_20180615
110,205_chanpoly,205929.06767835375,105800.0,0.0,E:/dsm2GisReference/bay_delta_dem_v4.gdb/dem_delta_10m_20180615
111,206_chanpoly,381777.6623532176,105000.0,0.0,E:/dsm2GisReference/bay_delta_dem_v4.gdb/dem_delta_10m_20180615
112,207_chanpoly,199920.40646197274,95700.0,0.0,E:/dsm2GisReference/bay_delta_dem_v4.gdb/dem_delta_10m_20180615
113,208_chanpoly,121477.98520904034,56200.0,0.0,E:/dsm2GisReference/bay_delta_dem_v4.gdb/dem_delta_10m_20180615
114,209_chanpoly,135136.59394305432,62600.0,0.0,E:/dsm2GisReference/bay_delta_dem_v4.gdb/dem_delta_10m_20180615
115,20_chanpoly,1690384.9984392524,226300.0,0.0,E:/dsm2GisReference/bay_delta_dem_v4.gdb/dem_delta_10m_20180615
116,210_chanpoly,139941.98412988335,59600.0,0.0,E:/dsm2GisReference/bay_delta_dem_v4.gdb/dem_delta_10m_20180615
117,211_chanpoly,317142.2826453112,164000.0,0.0,E:/dsm2GisReference/bay_delta_dem_v4.gdb/dem_delta_10m_20180615
118,212_chanpoly,591655.1711300854,243700.0,0.0,E:/dsm2GisReference/bay_delta_dem_v4.gdb/dem_delta_10m_20180615
119,213_chanpoly,476049.029845812,156600.0,0.0,E:/dsm2GisReference/bay_delta_dem_v4.gdb/dem_delta_10m_20180615
120,214_chanpoly,22296.166129410267,8400.0,0.0,E:/dsm2GisReference/bay_delta_dem_v4.gdb/dem_delta_10m_20180615
121,215_chanpoly,2219432.0085201412,3024100.0,0.0,E:/dsm2GisReference/bay_delta_dem_v4.gdb/dem_delta_10m_20180615
123,217_chanpoly,182697.92594984174,96400.0,0.0,E:/dsm2GisReference/bay_delta_dem_v4.gdb/dem_delta_10m_20180615
124,218_chanpoly,182456.00019730628,74900.0,0.0,E:/dsm2GisReference/bay_delta_dem_v4.gdb/dem_delta_10m_20180615
125,219_chanpoly,57258.9999563992,30900.0,0.0,E:/dsm2GisReference/bay_delta_dem_v4.gdb/dem_delta_10m_20180615
126,21_chanpoly,2197153.001554683,291800.0,0.0,E:/dsm2GisReference/bay_delta_dem_v4.gdb/dem_delta_10m_20180615
127,220_chanpoly,114542.00051091611,41000.0,0.0,E:/dsm2GisReference/bay_delta_dem_v4.gdb/dem_delta_10m_20180615
128,221_chanpoly,98825.99982824177,43300.0,0.0,E:/dsm2GisReference/bay_delta_dem_v4.gdb/dem_delta_10m_20180615
129,222_chanpoly,120504.9996804446,46800.0,0.0,E:/dsm2GisReference/bay_delta_dem_v4.gdb/dem_delta_10m_20180615
130,223_chanpoly,126550.0001180917,45400.0,0.0,E:/dsm2GisReference/bay_delta_dem_v4.gdb/dem_delta_10m_20180615
131,224_chanpoly,81509.00001339614,42400.0,0.0,E:/dsm2GisReference/bay_delta_dem_v4.gdb/dem_delta_10m_20180615
132,225_chanpoly,165722.16181549156,62500.0,0.0,E:/dsm2GisReference/bay_delta_dem_v4.gdb/dem_delta_10m_20180615
133,226_chanpoly,412865.80730116693,137000.0,0.0,E:/dsm2GisReference/bay_delta_dem_v4.gdb/dem_delta_10m_20180615
134,227_chanpoly,558011.2801892683,186100.0,0.0,E:/dsm2GisReference/bay_delta_dem_v4.gdb/dem_delta_10m_20180615
135,228_chanpoly,202405.19695691764,64300.0,0.0,E:/dsm2GisReference/bay_delta_dem_v4.gdb/dem_delta_10m_20180615
136,229_chanpoly,324793.8866310753,123800.0,0.0,E:/dsm2GisReference/bay_delta_dem_v4.gdb/dem_delta_10m_20180615
137,22_chanpoly,2282318.9987251535,326200.0,0.0,E:/dsm2GisReference/bay_delta_dem_v4.gdb/dem_delta_10m_20180615
138,230_chanpoly,383894.59312655963,108600.0,0.0,E:/dsm2GisReference/bay_delta_dem_v4.gdb/dem_delta_10m_20180615
139,231_chanpoly,183344.86081507057,90900.0,0.0,E:/dsm2GisReference/bay_delta_dem_v4.gdb/dem_delta_10m_20180615
140,232_chanpoly,400308.3930745721,71500.0,0.0,E:/dsm2GisReference/bay_delta_dem_v4.gdb/dem_delta_10m_20180615
141,233_chanpoly,325356.120934015,143800.0,0.0,E:/dsm2GisReference/bay_delta_dem_v4.gdb/dem_delta_10m_20180615
142,234_chanpoly,521527.0001584664,180900.0,0.0,E:/dsm2GisReference/bay_delta_dem_v4.gdb/dem_delta_10m_20180615
143,235_chanpoly,237274.37518080988,111300.0,0.0,E:/dsm2GisReference/bay_delta_dem_v4.gdb/dem_delta_10m_20180615
144,236_chanpoly,427292.93580111116,139800.0,0.0,E:/dsm2GisReference/bay_delta_dem_v4.gdb/dem_delta_10m_20180615
145,237_chanpoly,505541.999569349,226600.0,0.0,E:/dsm2GisReference/bay_delta_dem_v4.gdb/dem_delta_10m_20180615
146,238_chanpoly,221828.0005224049,166400.0,0.0,E:/dsm2GisReference/bay_delta_dem_v4.gdb/dem_delta_10m_20180615
147,239_chanpoly,94376.00000798702,68400.0,0.0,E:/dsm2GisReference/bay_delta_dem_v4.gdb/dem_delta_10m_20180615
148,23_chanpoly,1284292.9997246712,185400.0,0.0,E:/dsm2GisReference/bay_delta_dem_v4.gdb/dem_delta_10m_20180615
149,240_chanpoly,99645.0001373887,79000.0,0.0,E:/dsm2GisReference/bay_delta_dem_v4.gdb/dem_delta_10m_20180615
150,241_chanpoly,128883.0002002418,76700.0,0.0,E:/dsm2GisReference/bay_delta_dem_v4.gdb/dem_delta_10m_20180615
151,242_chanpoly,297506.0001419857,133000.0,0.0,E:/dsm2GisReference/bay_delta_dem_v4.gdb/dem_delta_10m_20180615
152,243_chanpoly,388604.9999868497,163600.0,0.0,E:/dsm2GisReference/bay_delta_dem_v4.gdb/dem_delta_10m_20180615
153,244_chanpoly,362460.3884205222,145700.0,0.0,E:/dsm2GisReference/bay_delta_dem_v4.gdb/dem_delta_10m_20180615
154,245_chanpoly,239916.00025855005,154700.0,0.0,E:/dsm2GisReference/bay_delta_dem_v4.gdb/dem_delta_10m_20180615
155,246_chanpoly,244161.99956219643,158800.0,0.0,E:/dsm2GisReference/bay_delta_dem_v4.gdb/dem_delta_10m_20180615
156,247_chanpoly,96999.99996926636,76700.0,0.0,E:/dsm2GisReference/bay_delta_dem_v4.gdb/dem_delta_10m_20180615
157,248_chanpoly,619493.7476799067,97200.0,0.0,E:/dsm2GisReference/bay_delta_dem_v4.gdb/dem_delta_10m_20180615
158,249_chanpoly,1896767.4967574799,472900.0,0.0,E:/dsm2GisReference/bay_delta_dem_v4.gdb/dem_delta_10m_20180615
159,24_chanpoly,2709070.998581499,500200.0,0.0,E:/dsm2GisReference/bay_delta_dem_v4.gdb/dem_delta_10m_20180615
160,250_chanpoly,857759.6321774181,283800.0,0.0,E:/dsm2GisReference/bay_delta_dem_v4.gdb/dem_delta_10m_20180615
161,251_chanpoly,651432.6978264442,120100.0,0.0,E:/dsm2GisReference/bay_delta_dem_v4.gdb/dem_delta_10m_20180615
162,252_chanpoly,189444.0003812313,85800.0,0.0,E:/dsm2GisReference/bay_delta_dem_v4.gdb/dem_delta_10m_20180615
163,253_chanpoly,369412.0004625991,118600.0,0.0,E:/dsm2GisReference/bay_delta_dem_v4.gdb/dem_delta_10m_20180615
164,254_chanpoly,343212.00083028525,117200.0,0.0,E:/dsm2GisReference/bay_delta_dem_v4.gdb/dem_delta_10m_20180615
165,255_chanpoly,193180.99988214672,109400.0,0.0,E:/dsm2GisReference/bay_delta_dem_v4.gdb/dem_delta_10m_20180615
166,257_chanpoly,173802.93195918202,62800.0,0.0,E:/dsm2GisReference/bay_delta_dem_v4.gdb/dem_delta_10m_20180615
167,258_chanpoly,260871.5243170038,149600.0,0.0,E:/dsm2GisReference/bay_delta_dem_v4.gdb/dem_delta_10m_20180615
168,259_chanpoly,95367.96899139881,62100.0,0.0,E:/dsm2GisReference/bay_delta_dem_v4.gdb/dem_delta_10m_20180615
169,25_chanpoly,1455506.0004571453,226100.0,0.0,E:/dsm2GisReference/bay_delta_dem_v4.gdb/dem_delta_10m_20180615
170,260_chanpoly,2216170.9895862266,2435400.0,0.0,E:/dsm2GisReference/bay_delta_dem_v4.gdb/dem_delta_10m_20180615
171,261_chanpoly,384654.00014873594,171400.0,0.0,E:/dsm2GisReference/bay_delta_dem_v4.gdb/dem_delta_10m_20180615
172,262_chanpoly,149873.00002407283,97500.0,0.0,E:/dsm2GisReference/bay_delta_dem_v4.gdb/dem_delta_10m_20180615
173,263_chanpoly,175769.9998628348,85900.0,0.0,E:/dsm2GisReference/bay_delta_dem_v4.gdb/dem_delta_10m_20180615
174,264_chanpoly,1195374.1443157196,463200.0,0.0,E:/dsm2GisReference/bay_delta_dem_v4.gdb/dem_delta_10m_20180615
175,265_chanpoly,394974.99947175384,183700.0,0.0,E:/dsm2GisReference/bay_delta_dem_v4.gdb/dem_delta_10m_20180615
176,266_chanpoly,84688.00019863993,80000.0,0.0,E:/dsm2GisReference/bay_delta_dem_v4.gdb/dem_delta_10m_20180615
177,267_chanpoly,220700.99999886006,102500.0,0.0,E:/dsm2GisReference/bay_delta_dem_v4.gdb/dem_delta_10m_20180615
178,268_chanpoly,381460.0002596155,221200.0,0.0,E:/dsm2GisReference/bay_delta_dem_v4.gdb/dem_delta_10m_20180615
179,269_chanpoly,1680799.416216975,366400.0,0.0,E:/dsm2GisReference/bay_delta_dem_v4.gdb/dem_delta_10m_20180615
180,26_chanpoly,160297.99990430474,70200.0,0.0,E:/dsm2GisReference/bay_delta_dem_v4.gdb/dem_delta_10m_20180615
181,270_chanpoly,642636.8334397674,114800.0,0.0,E:/dsm2GisReference/bay_delta_dem_v4.gdb/dem_delta_10m_20180615
182,271_chanpoly,662323.0000887066,304300.0,0.0,E:/dsm2GisReference/bay_delta_dem_v4.gdb/dem_delta_10m_20180615
183,272_chanpoly,917485.7142459601,315100.0,0.0,E:/dsm2GisReference/bay_delta_dem_v4.gdb/dem_delta_10m_20180615
184,273_chanpoly,323918.00016388297,129200.0,0.0,E:/dsm2GisReference/bay_delta_dem_v4.gdb/dem_delta_10m_20180615
185,274_chanpoly,913996.0006007925,431500.0,0.0,E:/dsm2GisReference/bay_delta_dem_v4.gdb/dem_delta_10m_20180615
186,275_chanpoly,1587113.9999739826,594100.0,0.0,E:/dsm2GisReference/bay_delta_dem_v4.gdb/dem_delta_10m_20180615
187,276_chanpoly,1657564.7158664535,368700.0,0.0,E:/dsm2GisReference/bay_delta_dem_v4.gdb/dem_delta_10m_20180615
188,277_chanpoly,3355927.0005416125,830200.0,0.0,E:/dsm2GisReference/bay_delta_dem_v4.gdb/dem_delta_10m_20180615
189,278_chanpoly,2255004.251628369,449000.0,0.0,E:/dsm2GisReference/bay_delta_dem_v4.gdb/dem_delta_10m_20180615
190,279_chanpoly,4892201.571303373,683900.0,0.0,E:/dsm2GisReference/bay_delta_dem_v4.gdb/dem_delta_10m_20180615
191,27_chanpoly,358882.00067430735,112900.0,0.0,E:/dsm2GisReference/bay_delta_dem_v4.gdb/dem_delta_10m_20180615
192,280_chanpoly,980145.3706091444,369400.0,0.0,E:/dsm2GisReference/bay_delta_dem_v4.gdb/dem_delta_10m_20180615
193,281_282_295_296_297_301_chanpoly,3505155.997733772,4256300.0,0.0,E:/dsm2GisReference/bay_delta_dem_v4.gdb/dem_delta_10m_20180615
194,283_chanpoly,769501.0009756312,182100.0,0.0,E:/dsm2GisReference/bay_delta_dem_v4.gdb/dem_delta_10m_20180615
195,284_chanpoly,6379056.999707036,627800.0,0.0,E:/dsm2GisReference/bay_delta_dem_v4.gdb/dem_delta_10m_20180615
196,285_chanpoly,1902092.000262253,655100.0,0.0,E:/dsm2GisReference/bay_delta_dem_v4.gdb/dem_delta_10m_20180615
197,286_chanpoly,3728575.9997596964,1275700.0,0.0,E:/dsm2GisReference/bay_delta_dem_v4.gdb/dem_delta_10m_20180615
198,287_chanpoly,6895484.005361237,830400.0,0.0,E:/dsm2GisReference/bay_delta_dem_v4.gdb/dem_delta_10m_20180615
199,288_chanpoly,7509298.996873759,859900.0,0.0,E:/dsm2GisReference/bay_delta_dem_v4.gdb/dem_delta_10m_20180615
200,289_chanpoly,1793868.0001834407,297500.0,0.0,E:/dsm2GisReference/bay_delta_dem_v4.gdb/dem_delta_10m_20180615
201,28_chanpoly,493644.9998065829,180600.0,0.0,E:/dsm2GisReference/bay_delta_dem_v4.gdb/dem_delta_10m_20180615
202,290-294_chanpoly,39654726.87221658,5450200.0,0.0,E:/dsm2GisReference/bay_delta_dem_v4.gdb/dem_delta_10m_20180615
203,295_chanpoly,102205.00028952956,22600.0,0.0,E:/dsm2GisReference/bay_delta_dem_v4.gdb/dem_delta_10m_20180615
204,299_chanpoly,731722.0000972971,162200.0,0.0,E:/dsm2GisReference/bay_delta_dem_v4.gdb/dem_delta_10m_20180615
205,29_chanpoly,399404.99970912933,136400.0,0.0,E:/dsm2GisReference/bay_delta_dem_v4.gdb/dem_delta_10m_20180615
207,300_chanpoly,7151825.997175463,874300.0,0.0,E:/dsm2GisReference/bay_delta_dem_v4.gdb/dem_delta_10m_20180615
208,307_chanpoly,383193.9996767789,207900.0,0.0,E:/dsm2GisReference/bay_delta_dem_v4.gdb/dem_delta_10m_20180615
209,308_chanpoly,71134.99971367419,39300.0,0.0,E:/dsm2GisReference/bay_delta_dem_v4.gdb/dem_delta_10m_20180615
210,309_chanpoly,2571689.999919012,404100.0,0.0,E:/dsm2GisReference/bay_delta_dem_v4.gdb/dem_delta_10m_20180615
211,30_chanpoly,3016298.995808512,466100.0,0.0,E:/dsm2GisReference/bay_delta_dem_v4.gdb/dem_delta_10m_20180615
212,310_chanpoly,3603674.0012254566,601200.0,0.0,E:/dsm2GisReference/bay_delta_dem_v4.gdb/dem_delta_10m_20180615
213,311_chanpoly,892500.0004850328,618500.0,0.0,E:/dsm2GisReference/bay_delta_dem_v4.gdb/dem_delta_10m_20180615
214,312_chanpoly,450149.9980997294,320400.0,0.0,E:/dsm2GisReference/bay_delta_dem_v4.gdb/dem_delta_10m_20180615
215,313_chanpoly,2609485.998886265,1059800.0,0.0,E:/dsm2GisReference/bay_delta_dem_v4.gdb/dem_delta_10m_20180615
216,314_chanpoly,2158458.0002970994,544200.0,0.0,E:/dsm2GisReference/bay_delta_dem_v4.gdb/dem_delta_10m_20180615
217,315_chanpoly,684638.0010312423,255100.0,0.0,E:/dsm2GisReference/bay_delta_dem_v4.gdb/dem_delta_10m_20180615
218,316_chanpoly,522035.9995385632,95700.0,0.0,E:/dsm2GisReference/bay_delta_dem_v4.gdb/dem_delta_10m_20180615
219,317_chanpoly,570303.998298943,422200.0,0.0,E:/dsm2GisReference/bay_delta_dem_v4.gdb/dem_delta_10m_20180615
220,318_chanpoly,276728.999363631,167700.0,0.0,E:/dsm2GisReference/bay_delta_dem_v4.gdb/dem_delta_10m_20180615
221,319_chanpoly,1806382.3583469377,514200.0,0.0,E:/dsm2GisReference/bay_delta_dem_v4.gdb/dem_delta_10m_20180615
222,31_chanpoly,3116588.998685032,505100.0,0.0,E:/dsm2GisReference/bay_delta_dem_v4.gdb/dem_delta_10m_20180615
223,320_chanpoly,1384617.999728769,679100.0,0.0,E:/dsm2GisReference/bay_delta_dem_v4.gdb/dem_delta_10m_20180615
224,321_chanpoly,1322781.000010483,402500.0,0.0,E:/dsm2GisReference/bay_delta_dem_v4.gdb/dem_delta_10m_20180615
225,322_chanpoly,1256049.2596728494,359900.0,0.0,E:/dsm2GisReference/bay_delta_dem_v4.gdb/dem_delta_10m_20180615
226,323_chanpoly,637387.3921247745,164400.0,0.0,E:/dsm2GisReference/bay_delta_dem_v4.gdb/dem_delta_10m_20180615
227,324_chanpoly,840279.2738732547,261200.0,0.0,E:/dsm2GisReference/bay_delta_dem_v4.gdb/dem_delta_10m_20180615
228,325_chanpoly,2569978.2657684293,549800.0,0.0,E:/dsm2GisReference/bay_delta_dem_v4.gdb/dem_delta_10m_20180615
229,326_chanpoly,2212212.7210267005,298900.0,0.0,E:/dsm2GisReference/bay_delta_dem_v4.gdb/dem_delta_10m_20180615
230,327_chanpoly,4507004.279095814,899700.0,0.0,E:/dsm2GisReference/bay_delta_dem_v4.gdb/dem_delta_10m_20180615
231,328_chanpoly,3242968.4608326294,564800.0,0.0,E:/dsm2GisReference/bay_delta_dem_v4.gdb/dem_delta_10m_20180615
232,329_chanpoly,116581.99994266033,97900.0,0.0,E:/dsm2GisReference/bay_delta_dem_v4.gdb/dem_delta_10m_20180615
233,32_chanpoly,1096009.001225233,246300.0,0.0,E:/dsm2GisReference/bay_delta_dem_v4.gdb/dem_delta_10m_20180615
234,330_chanpoly,195635.52354201674,167200.0,0.0,E:/dsm2GisReference/bay_delta_dem_v4.gdb/dem_delta_10m_20180615
235,331_chanpoly,172941.71465821564,80400.0,0.0,E:/dsm2GisReference/bay_delta_dem_v4.gdb/dem_delta_10m_20180615
236,332_chanpoly,504511.86448391527,191700.0,0.0,E:/dsm2GisReference/bay_delta_dem_v4.gdb/dem_delta_10m_20180615
237,333_chanpoly,61293.29817693797,60400.0,0.0,E:/dsm2GisReference/bay_delta_dem_v4.gdb/dem_delta_10m_20180615
238,334_chanpoly,198034.9996568635,121200.0,0.0,E:/dsm2GisReference/bay_delta_dem_v4.gdb/dem_delta_10m_20180615
239,335_chanpoly,164156.99981749058,80500.0,0.0,E:/dsm2GisReference/bay_delta_dem_v4.gdb/dem_delta_10m_20180615
240,336_chanpoly,160764.55599253532,69700.0,0.0,E:/dsm2GisReference/bay_delta_dem_v4.gdb/dem_delta_10m_20180615
241,337_chanpoly,172111.75513623748,104000.0,0.0,E:/dsm2GisReference/bay_delta_dem_v4.gdb/dem_delta_10m_20180615
242,338_chanpoly,384400.36123408936,132200.0,0.0,E:/dsm2GisReference/bay_delta_dem_v4.gdb/dem_delta_10m_20180615
243,339_chanpoly,261575.4385087639,112300.0,0.0,E:/dsm2GisReference/bay_delta_dem_v4.gdb/dem_delta_10m_20180615
244,33_chanpoly,54648.99995662272,43300.0,0.0,E:/dsm2GisReference/bay_delta_dem_v4.gdb/dem_delta_10m_20180615
245,340_chanpoly,356240.24681799347,169800.0,0.0,E:/dsm2GisReference/bay_delta_dem_v4.gdb/dem_delta_10m_20180615
246,341_chanpoly,803065.1234505698,243500.0,0.0,E:/dsm2GisReference/bay_delta_dem_v4.gdb/dem_delta_10m_20180615
247,342_chanpoly,809597.831883328,226700.0,0.0,E:/dsm2GisReference/bay_delta_dem_v4.gdb/dem_delta_10m_20180615
248,343_chanpoly,802474.4695992675,166000.0,0.0,E:/dsm2GisReference/bay_delta_dem_v4.gdb/dem_delta_10m_20180615
249,344_chanpoly,1418324.5653572995,382500.0,0.0,E:/dsm2GisReference/bay_delta_dem_v4.gdb/dem_delta_10m_20180615
250,345_chanpoly,1363396.7649542028,524400.0,0.0,E:/dsm2GisReference/bay_delta_dem_v4.gdb/dem_delta_10m_20180615
251,346_chanpoly,1415579.2755527045,506200.0,0.0,E:/dsm2GisReference/bay_delta_dem_v4.gdb/dem_delta_10m_20180615
252,347_chanpoly,1549741.6476661237,472000.0,0.0,E:/dsm2GisReference/bay_delta_dem_v4.gdb/dem_delta_10m_20180615
253,348_chanpoly,1697033.4366515628,493600.0,0.0,E:/dsm2GisReference/bay_delta_dem_v4.gdb/dem_delta_10m_20180615
254,349_chanpoly,2528338.9681376717,668800.0,0.0,E:/dsm2GisReference/bay_delta_dem_v4.gdb/dem_delta_10m_20180615
255,34_chanpoly,2434837.001170777,328000.0,0.0,E:/dsm2GisReference/bay_delta_dem_v4.gdb/dem_delta_10m_20180615
256,350_chanpoly,78341.07849523425,60200.0,0.0,E:/dsm2GisReference/bay_delta_dem_v4.gdb/dem_delta_10m_20180615
257,351_chanpoly,262912.6461689826,154700.0,0.0,E:/dsm2GisReference/bay_delta_dem_v4.gdb/dem_delta_10m_20180615
258,352_chanpoly,214009.0020348085,115300.0,0.0,E:/dsm2GisReference/bay_delta_dem_v4.gdb/dem_delta_10m_20180615
259,353_chanpoly,660331.3596553227,228700.0,0.0,E:/dsm2GisReference/bay_delta_dem_v4.gdb/dem_delta_10m_20180615
260,354_chanpoly,328571.6635769233,185800.0,0.0,E:/dsm2GisReference/bay_delta_dem_v4.gdb/dem_delta_10m_20180615
261,355_chanpoly,1567729.5343943231,537300.0,0.0,E:/dsm2GisReference/bay_delta_dem_v4.gdb/dem_delta_10m_20180615
262,356_chanpoly,45831.11160870176,32500.0,0.0,E:/dsm2GisReference/bay_delta_dem_v4.gdb/dem_delta_10m_20180615
263,357_chanpoly,488498.827117309,96800.0,0.0,E:/dsm2GisReference/bay_delta_dem_v4.gdb/dem_delta_10m_20180615
264,358_chanpoly,362198.8148158416,85500.0,0.0,E:/dsm2GisReference/bay_delta_dem_v4.gdb/dem_delta_10m_20180615
265,359_chanpoly,389309.0536426287,80500.0,0.0,E:/dsm2GisReference/bay_delta_dem_v4.gdb/dem_delta_10m_20180615
266,35_chanpoly,1483023.0004349723,408300.0,0.0,E:/dsm2GisReference/bay_delta_dem_v4.gdb/dem_delta_10m_20180615
267,360_chanpoly,1063977.8723641299,250300.0,0.0,E:/dsm2GisReference/bay_delta_dem_v4.gdb/dem_delta_10m_20180615
268,361_chanpoly,702534.2885169142,135900.0,0.0,E:/dsm2GisReference/bay_delta_dem_v4.gdb/dem_delta_10m_20180615
269,362_chanpoly,1644331.4281429935,341900.0,0.0,E:/dsm2GisReference/bay_delta_dem_v4.gdb/dem_delta_10m_20180615
270,363_chanpoly,1135342.1690829564,228100.0,0.0,E:/dsm2GisReference/bay_delta_dem_v4.gdb/dem_delta_10m_20180615
271,364_chanpoly,1290607.5286722276,378800.0,0.0,E:/dsm2GisReference/bay_delta_dem_v4.gdb/dem_delta_10m_20180615
272,365_chanpoly,382978.66997164674,108400.0,0.0,E:/dsm2GisReference/bay_delta_dem_v4.gdb/dem_delta_10m_20180615
273,366_chanpoly,414553.9680449001,92200.0,0.0,E:/dsm2GisReference/bay_delta_dem_v4.gdb/dem_delta_10m_20180615
274,367_chanpoly,244543.89255214483,61900.0,0.0,E:/dsm2GisReference/bay_delta_dem_v4.gdb/dem_delta_10m_20180615
275,368_chanpoly,493222.0040027518,107600.0,0.0,E:/dsm2GisReference/bay_delta_dem_v4.gdb/dem_delta_10m_20180615
276,369_chanpoly,574459.5581244677,137600.0,0.0,E:/dsm2GisReference/bay_delta_dem_v4.gdb/dem_delta_10m_20180615
277,36_chanpoly,2614539.0006873757,428200.0,0.0,E:/dsm2GisReference/bay_delta_dem_v4.gdb/dem_delta_10m_20180615
278,370_chanpoly,522800.57620233856,126800.0,0.0,E:/dsm2GisReference/bay_delta_dem_v4.gdb/dem_delta_10m_20180615
279,371_chanpoly,581298.1161828269,128900.0,0.0,E:/dsm2GisReference/bay_delta_dem_v4.gdb/dem_delta_10m_20180615
280,372_chanpoly,702546.5916547226,138000.0,0.0,E:/dsm2GisReference/bay_delta_dem_v4.gdb/dem_delta_10m_20180615
281,373_chanpoly,865897.4072391167,186800.0,0.0,E:/dsm2GisReference/bay_delta_dem_v4.gdb/dem_delta_10m_20180615
282,374_chanpoly,529365.4273419641,123000.0,0.0,E:/dsm2GisReference/bay_delta_dem_v4.gdb/dem_delta_10m_20180615
283,375_chanpoly,900.0000108033419,7800.0,0.0,E:/dsm2GisReference/bay_delta_dem_v4.gdb/dem_delta_10m_20180615
284,376_chanpoly,11101.000124588609,56000.0,0.0,E:/dsm2GisReference/bay_delta_dem_v4.gdb/dem_delta_10m_20180615
285,377_chanpoly,21289.000254124403,87100.0,0.0,E:/dsm2GisReference/bay_delta_dem_v4.gdb/dem_delta_10m_20180615
286,378_chanpoly,13013.631879724562,60600.0,0.0,E:/dsm2GisReference/bay_delta_dem_v4.gdb/dem_delta_10m_20180615
287,379_chanpoly,174524.1013681516,44500.0,0.0,E:/dsm2GisReference/bay_delta_dem_v4.gdb/dem_delta_10m_20180615
288,37_chanpoly,3432689.997128397,448500.0,0.0,E:/dsm2GisReference/bay_delta_dem_v4.gdb/dem_delta_10m_20180615
289,380_chanpoly,597192.5533229485,162300.0,0.0,E:/dsm2GisReference/bay_delta_dem_v4.gdb/dem_delta_10m_20180615
290,381_chanpoly,696002.6958182454,185000.0,0.0,E:/dsm2GisReference/bay_delta_dem_v4.gdb/dem_delta_10m_20180615
291,382_chanpoly,308569.43805599585,133800.0,0.0,E:/dsm2GisReference/bay_delta_dem_v4.gdb/dem_delta_10m_20180615
292,383_chanpoly,577568.9064921346,235600.0,0.0,E:/dsm2GisReference/bay_delta_dem_v4.gdb/dem_delta_10m_20180615
293,384_chanpoly,591532.9869376495,213300.0,0.0,E:/dsm2GisReference/bay_delta_dem_v4.gdb/dem_delta_10m_20180615
294,385_chanpoly,776460.0176651962,313400.0,0.0,E:/dsm2GisReference/bay_delta_dem_v4.gdb/dem_delta_10m_20180615
295,386_chanpoly,1489223.6002572929,660500.0,0.0,E:/dsm2GisReference/bay_delta_dem_v4.gdb/dem_delta_10m_20180615
296,387_chanpoly,1323461.8793921254,585200.0,0.0,E:/dsm2GisReference/bay_delta_dem_v4.gdb/dem_delta_10m_20180615
297,388_chanpoly,555498.9639929641,209900.0,0.0,E:/dsm2GisReference/bay_delta_dem_v4.gdb/dem_delta_10m_20180615
298,389_chanpoly,473334.9380247295,133600.0,0.0,E:/dsm2GisReference/bay_delta_dem_v4.gdb/dem_delta_10m_20180615
299,38_chanpoly,2599003.000271693,299100.0,0.0,E:/dsm2GisReference/bay_delta_dem_v4.gdb/dem_delta_10m_20180615
300,390_chanpoly,1192138.5964889952,309300.0,0.0,E:/dsm2GisReference/bay_delta_dem_v4.gdb/dem_delta_10m_20180615
301,391_chanpoly,7318090.000675246,918400.0,0.0,E:/dsm2GisReference/bay_delta_dem_v4.gdb/dem_delta_10m_20180615
302,392_chanpoly,7489862.002365291,1125300.0,0.0,E:/dsm2GisReference/bay_delta_dem_v4.gdb/dem_delta_10m_20180615
303,393_chanpoly,4333610.00246238,675300.0,0.0,E:/dsm2GisReference/bay_delta_dem_v4.gdb/dem_delta_10m_20180615
304,394_chanpoly,5759016.998788714,965000.0,0.0,E:/dsm2GisReference/bay_delta_dem_v4.gdb/dem_delta_10m_20180615
305,395_chanpoly,4432457.000526227,688400.0,0.0,E:/dsm2GisReference/bay_delta_dem_v4.gdb/dem_delta_10m_20180615
306,396_chanpoly,7216207.855481194,1145900.0,0.0,E:/dsm2GisReference/bay_delta_dem_v4.gdb/dem_delta_10m_20180615
307,397_chanpoly,5006836.110565187,1003100.0,0.0,E:/dsm2GisReference/bay_delta_dem_v4.gdb/dem_delta_10m_20180615
308,398_chanpoly,20263470.05353123,2055400.0,0.0,E:/dsm2GisReference/bay_delta_dem_v4.gdb/dem_delta_10m_20180615
309,399_chanpoly,1075118.8637569547,314300.0,0.0,E:/dsm2GisReference/bay_delta_dem_v4.gdb/dem_delta_10m_20180615
310,39_chanpoly,3183743.0005492643,518500.0,0.0,E:/dsm2GisReference/bay_delta_dem_v4.gdb/dem_delta_10m_20180615
312,400_chanpoly,4011705.879910104,1165400.0,0.0,E:/dsm2GisReference/bay_delta_dem_v4.gdb/dem_delta_10m_20180615
313,401_chanpoly,3373161.0767049715,887600.0,0.0,E:/dsm2GisReference/bay_delta_dem_v4.gdb/dem_delta_10m_20180615
314,402_chanpoly,3022534.001249261,1308100.0,0.0,E:/dsm2GisReference/bay_delta_dem_v4.gdb/dem_delta_10m_20180615
315,403_chanpoly,2111908.0027814955,351100.0,0.0,E:/dsm2GisReference/bay_delta_dem_v4.gdb/dem_delta_10m_20180615
316,404_chanpoly,1397435.0017307326,179700.0,0.0,E:/dsm2GisReference/bay_delta_dem_v4.gdb/dem_delta_10m_20180615
317,405_chanpoly,2482195.0167415664,283800.0,0.0,E:/dsm2GisReference/bay_delta_dem_v4.gdb/dem_delta_10m_20180615
318,406_chanpoly,35818.9999261871,31400.0,0.0,E:/dsm2GisReference/bay_delta_dem_v4.gdb/dem_delta_10m_20180615
319,407_chanpoly,440916.9998411089,200000.0,0.0,E:/dsm2GisReference/bay_delta_dem_v4.gdb/dem_delta_10m_20180615
320,408_chanpoly,1458225.0009046867,440900.0,0.0,E:/dsm2GisReference/bay_delta_dem_v4.gdb/dem_delta_10m_20180615
321,409_chanpoly,1622061.0004255548,526400.0,0.0,E:/dsm2GisReference/bay_delta_dem_v4.gdb/dem_delta_10m_20180615
322,40_chanpoly,3606782.000856474,682100.0,0.0,E:/dsm2GisReference/bay_delta_dem_v4.gdb/dem_delta_10m_20180615
323,410_chanpoly,1797939.0118632931,699500.0,0.0,E:/dsm2GisReference/bay_delta_dem_v4.gdb/dem_delta_10m_20180615
324,411_chanpoly,3292387.0058158063,761400.0,0.0,E:/dsm2GisReference/bay_delta_dem_v4.gdb/dem_delta_10m_20180615
325,412_chanpoly,2765424.4689819063,775600.0,0.0,E:/dsm2GisReference/bay_delta_dem_v4.gdb/dem_delta_10m_20180615
326,413_chanpoly,2070008.8261347846,609800.0,0.0,E:/dsm2GisReference/bay_delta_dem_v4.gdb/dem_delta_10m_20180615
327,414_chanpoly,5140954.48356067,1148000.0,0.0,E:/dsm2GisReference/bay_delta_dem_v4.gdb/dem_delta_10m_20180615
328,415_chanpoly,1597443.520778045,275000.0,0.0,E:/dsm2GisReference/bay_delta_dem_v4.gdb/dem_delta_10m_20180615
329,416_chanpoly,6255952.498139237,1309300.0,0.0,E:/dsm2GisReference/bay_delta_dem_v4.gdb/dem_delta_10m_20180615
330,417_chanpoly,1613092.5772918854,301200.0,0.0,E:/dsm2GisReference/bay_delta_dem_v4.gdb/dem_delta_10m_20180615
331,418_chanpoly,3892121.1381407455,650400.0,0.0,E:/dsm2GisReference/bay_delta_dem_v4.gdb/dem_delta_10m_20180615
332,419_chanpoly,1853593.6033915728,362300.0,0.0,E:/dsm2GisReference/bay_delta_dem_v4.gdb/dem_delta_10m_20180615
333,41_chanpoly,2855992.998388037,336700.0,0.0,E:/dsm2GisReference/bay_delta_dem_v4.gdb/dem_delta_10m_20180615
334,420_chanpoly,2608662.976985937,444300.0,0.0,E:/dsm2GisReference/bay_delta_dem_v4.gdb/dem_delta_10m_20180615
335,421_chanpoly,2508294.008321967,425000.0,0.0,E:/dsm2GisReference/bay_delta_dem_v4.gdb/dem_delta_10m_20180615
336,422_chanpoly,615817.940145731,80000.0,0.0,E:/dsm2GisReference/bay_delta_dem_v4.gdb/dem_delta_10m_20180615
337,423_chanpoly,1523558.6074024905,353800.0,0.0,E:/dsm2GisReference/bay_delta_dem_v4.gdb/dem_delta_10m_20180615
338,424_chanpoly,1880084.9495819537,443300.0,0.0,E:/dsm2GisReference/bay_delta_dem_v4.gdb/dem_delta_10m_20180615
339,426_chanpoly,1172876.885217661,355600.0,0.0,E:/dsm2GisReference/bay_delta_dem_v4.gdb/dem_delta_10m_20180615
340,427_chanpoly,1617785.8128114603,525400.0,0.0,E:/dsm2GisReference/bay_delta_dem_v4.gdb/dem_delta_10m_20180615
341,428_chanpoly,1396923.198929755,438600.0,0.0,E:/dsm2GisReference/bay_delta_dem_v4.gdb/dem_delta_10m_20180615
342,429_chanpoly,1442534.0023720637,436000.0,0.0,E:/dsm2GisReference/bay_delta_dem_v4.gdb/dem_delta_10m_20180615
343,42_chanpoly,12494939.447912946,2161300.0,0.0,E:/dsm2GisReference/bay_delta_dem_v4.gdb/dem_delta_10m_20180615
344,430_chanpoly,18588433.867031243,2635300.0,0.0,E:/dsm2GisReference/bay_delta_dem_v4.gdb/dem_delta_10m_20180615
345,431_chanpoly,19782154.006347246,3686000.0,0.0,E:/dsm2GisReference/bay_delta_dem_v4.gdb/dem_delta_10m_20180615
346,432_chanpoly,5086092.181540979,1232600.0,0.0,E:/dsm2GisReference/bay_delta_dem_v4.gdb/dem_delta_10m_20180615
347,433_chanpoly,20134743.687616847,3328800.0,0.0,E:/dsm2GisReference/bay_delta_dem_v4.gdb/dem_delta_10m_20180615
348,434_chanpoly,41171616.609866545,5368200.0,0.0,E:/dsm2GisReference/bay_delta_dem_v4.gdb/dem_delta_10m_20180615
349,435_chanpoly,23894340.008786134,3128900.0,0.0,E:/dsm2GisReference/bay_delta_dem_v4.gdb/dem_delta_10m_20180615
350,436_chanpoly,18692557.05794692,2786100.0,0.0,E:/dsm2GisReference/bay_delta_dem_v4.gdb/dem_delta_10m_20180615
351,437_chanpoly,59169904.01045494,5062800.0,0.0,E:/dsm2GisReference/bay_delta_dem_v4.gdb/dem_delta_10m_20180615
352,438_443_444_450_570_571_574_575_chanpoly,109971348.03493115,26525400.0,0.0,E:/dsm2GisReference/bay_delta_dem_v4.gdb/dem_delta_10m_20180615
353,439_440_441_451_452_453_454_chanpoly,197253529.01745176,36406000.0,0.0,E:/dsm2GisReference/bay_delta_dem_v4.gdb/dem_delta_10m_20180615
354,43_chanpoly,3145495.561648719,576100.0,0.0,E:/dsm2GisReference/bay_delta_dem_v4.gdb/dem_delta_10m_20180615
355,441_chanpoly,31620312.003427,2394500.0,0.0,E:/dsm2GisReference/bay_delta_dem_v4.gdb/dem_delta_10m_20180615
356,442_chanpoly,418977.0000759512,154900.0,0.0,E:/dsm2GisReference/bay_delta_dem_v4.gdb/dem_delta_10m_20180615
357,445_chanpoly,5217364.001122676,2082800.0,0.0,E:/dsm2GisReference/bay_delta_dem_v4.gdb/dem_delta_10m_20180615
358,447_chanpoly,10894610.999272764,1543500.0,0.0,E:/dsm2GisReference/bay_delta_dem_v4.gdb/dem_delta_10m_20180615
359,448_449_572_573_chanpoly,36221970.78655924,25777800.0,0.0,E:/dsm2GisReference/bay_delta_dem_v4.gdb/dem_delta_10m_20180615
360,44_chanpoly,5608212.95082625,834900.0,0.0,E:/dsm2GisReference/bay_delta_dem_v4.gdb/dem_delta_10m_20180615
361,458_chanpoly,297452.8256358579,228600.0,0.0,E:/dsm2GisReference/bay_delta_dem_v4.gdb/dem_delta_10m_20180615
362,459_chanpoly,320766.7997491546,108000.0,0.0,E:/dsm2GisReference/bay_delta_dem_v4.gdb/dem_delta_10m_20180615
363,45_chanpoly,20297161.337814853,3096000.0,0.0,E:/dsm2GisReference/bay_delta_dem_v4.gdb/dem_delta_10m_20180615
364,460_chanpoly,1514987.3472567648,363100.0,0.0,E:/dsm2GisReference/bay_delta_dem_v4.gdb/dem_delta_10m_20180615
365,461_chanpoly,1656996.2557448016,360500.0,0.0,E:/dsm2GisReference/bay_delta_dem_v4.gdb/dem_delta_10m_20180615
366,462_chanpoly,1715612.2215109323,433500.0,0.0,E:/dsm2GisReference/bay_delta_dem_v4.gdb/dem_delta_10m_20180615
367,463_chanpoly,1645789.5396198845,307600.0,0.0,E:/dsm2GisReference/bay_delta_dem_v4.gdb/dem_delta_10m_20180615
368,464_chanpoly,1222922.8282833705,460800.0,0.0,E:/dsm2GisReference/bay_delta_dem_v4.gdb/dem_delta_10m_20180615
369,465_chanpoly,859268.7109381775,307300.0,0.0,E:/dsm2GisReference/bay_delta_dem_v4.gdb/dem_delta_10m_20180615
370,466_chanpoly,563119.3638098543,292100.0,0.0,E:/dsm2GisReference/bay_delta_dem_v4.gdb/dem_delta_10m_20180615
371,467_chanpoly,15353.008496202528,16900.0,0.0,E:/dsm2GisReference/bay_delta_dem_v4.gdb/dem_delta_10m_20180615
372,468_chanpoly,169183.54261817876,107500.0,0.0,E:/dsm2GisReference/bay_delta_dem_v4.gdb/dem_delta_10m_20180615
373,469_chanpoly,168644.67571908608,67200.0,0.0,E:/dsm2GisReference/bay_delta_dem_v4.gdb/dem_delta_10m_20180615
374,46_chanpoly,21145089.203434322,2571500.0,0.0,E:/dsm2GisReference/bay_delta_dem_v4.gdb/dem_delta_10m_20180615
375,470_chanpoly,386902.47622840106,105800.0,0.0,E:/dsm2GisReference/bay_delta_dem_v4.gdb/dem_delta_10m_20180615
376,471_chanpoly,74105.00007141382,57400.0,0.0,E:/dsm2GisReference/bay_delta_dem_v4.gdb/dem_delta_10m_20180615
377,472_chanpoly,5435.292232222855,5800.0,0.0,E:/dsm2GisReference/bay_delta_dem_v4.gdb/dem_delta_10m_20180615
379,474_chanpoly,136145.62928788364,40100.0,0.0,E:/dsm2GisReference/bay_delta_dem_v4.gdb/dem_delta_10m_20180615
380,475_chanpoly,940.4539823532104,2100.0,0.0,E:/dsm2GisReference/bay_delta_dem_v4.gdb/dem_delta_10m_20180615
381,476_chanpoly,14097.135637707834,18000.0,0.0,E:/dsm2GisReference/bay_delta_dem_v4.gdb/dem_delta_10m_20180615
382,477_chanpoly,24901.25637156889,17800.0,0.0,E:/dsm2GisReference/bay_delta_dem_v4.gdb/dem_delta_10m_20180615
383,478_chanpoly,45638.96243805066,28600.0,0.0,E:/dsm2GisReference/bay_delta_dem_v4.gdb/dem_delta_10m_20180615
384,479_chanpoly,32441.435246611945,49500.0,0.0,E:/dsm2GisReference/bay_delta_dem_v4.gdb/dem_delta_10m_20180615
385,47_chanpoly,23172643.356252745,2447200.0,0.0,E:/dsm2GisReference/bay_delta_dem_v4.gdb/dem_delta_10m_20180615
386,480_chanpoly,20466.174652101472,17700.0,0.0,E:/dsm2GisReference/bay_delta_dem_v4.gdb/dem_delta_10m_20180615
387,481_chanpoly,103.4856516867876,400.0,0.0,E:/dsm2GisReference/bay_delta_dem_v4.gdb/dem_delta_10m_20180615
389,483_chanpoly,81142.671300238,62700.0,0.0,E:/dsm2GisReference/bay_delta_dem_v4.gdb/dem_delta_10m_20180615
390,484_chanpoly,146029.64894695615,93700.0,0.0,E:/dsm2GisReference/bay_delta_dem_v4.gdb/dem_delta_10m_20180615
391,485_chanpoly,4578.041096194647,9400.0,0.0,E:/dsm2GisReference/bay_delta_dem_v4.gdb/dem_delta_10m_20180615
392,486_chanpoly,272582.0730463136,131500.0,0.0,E:/dsm2GisReference/bay_delta_dem_v4.gdb/dem_delta_10m_20180615
393,487_chanpoly,7460.9010968357325,5900.0,0.0,E:/dsm2GisReference/bay_delta_dem_v4.gdb/dem_delta_10m_20180615
394,488_chanpoly,5829.769837204367,9600.0,0.0,E:/dsm2GisReference/bay_delta_dem_v4.gdb/dem_delta_10m_20180615
395,489_chanpoly,12199.635745678097,19500.0,0.0,E:/dsm2GisReference/bay_delta_dem_v4.gdb/dem_delta_10m_20180615
396,48_chanpoly,11627731.263978593,1744500.0,0.0,E:/dsm2GisReference/bay_delta_dem_v4.gdb/dem_delta_10m_20180615
397,490_chanpoly,27562.71942416206,30400.0,0.0,E:/dsm2GisReference/bay_delta_dem_v4.gdb/dem_delta_10m_20180615
398,491_chanpoly,207981.00718539208,102300.0,0.0,E:/dsm2GisReference/bay_delta_dem_v4.gdb/dem_delta_10m_20180615
399,497_chanpoly,23713.46054179594,34400.0,0.0,E:/dsm2GisReference/bay_delta_dem_v4.gdb/dem_delta_10m_20180615
400,498_chanpoly,553293.2372686279,280600.0,0.0,E:/dsm2GisReference/bay_delta_dem_v4.gdb/dem_delta_10m_20180615
401,499_chanpoly,947073.8070219755,286300.0,0.0,E:/dsm2GisReference/bay_delta_dem_v4.gdb/dem_delta_10m_20180615
402,49_chanpoly,22947223.9987066,4111200.0,0.0,E:/dsm2GisReference/bay_delta_dem_v4.gdb/dem_delta_10m_20180615
404,500_chanpoly,16133.933042176068,16000.0,0.0,E:/dsm2GisReference/bay_delta_dem_v4.gdb/dem_delta_10m_20180615
405,501_chanpoly,14801.279594190419,9900.0,0.0,E:/dsm2GisReference/bay_delta_dem_v4.gdb/dem_delta_10m_20180615
406,502_chanpoly,136400.93260813737,118600.0,0.0,E:/dsm2GisReference/bay_delta_dem_v4.gdb/dem_delta_10m_20180615
407,503_chanpoly,72043.93875364913,39500.0,0.0,E:/dsm2GisReference/bay_delta_dem_v4.gdb/dem_delta_10m_20180615
408,505_chanpoly,51019.87610536162,192200.0,0.0,E:/dsm2GisReference/bay_delta_dem_v4.gdb/dem_delta_10m_20180615
409,506_chanpoly,17262.3378071934,26000.0,0.0,E:/dsm2GisReference/bay_delta_dem_v4.gdb/dem_delta_10m_20180615
410,507_chanpoly,30297.555294737685,32900.0,0.0,E:/dsm2GisReference/bay_delta_dem_v4.gdb/dem_delta_10m_20180615
411,508_chanpoly,89130.17592135002,55600.0,0.0,E:/dsm2GisReference/bay_delta_dem_v4.gdb/dem_delta_10m_20180615
412,509_chanpoly,38868.47028674092,20500.0,0.0,E:/dsm2GisReference/bay_delta_dem_v4.gdb/dem_delta_10m_20180615
413,50_chanpoly,20435631.999977306,3500100.0,0.0,E:/dsm2GisReference/bay_delta_dem_v4.gdb/dem_delta_10m_20180615
414,511_chanpoly,590458.4866519086,132200.0,0.0,E:/dsm2GisReference/bay_delta_dem_v4.gdb/dem_delta_10m_20180615
415,512_chanpoly,800052.9929477256,151700.0,0.0,E:/dsm2GisReference/bay_delta_dem_v4.gdb/dem_delta_10m_20180615
416,513_chanpoly,3465611.7493286305,868100.0,0.0,E:/dsm2GisReference/bay_delta_dem_v4.gdb/dem_delta_10m_20180615
417,515_chanpoly,1506988.8740180293,458400.0,0.0,E:/dsm2GisReference/bay_delta_dem_v4.gdb/dem_delta_10m_20180615
418,516_chanpoly,2317025.350838504,403000.0,0.0,E:/dsm2GisReference/bay_delta_dem_v4.gdb/dem_delta_10m_20180615
419,517_chanpoly,3523241.5137679605,633700.0,0.0,E:/dsm2GisReference/bay_delta_dem_v4.gdb/dem_delta_10m_20180615
420,51_chanpoly,15268572.003759444,2348400.0,0.0,E:/dsm2GisReference/bay_delta_dem_v4.gdb/dem_delta_10m_20180615
421,522_chanpoly,7607404.562264425,1534700.0,0.0,E:/dsm2GisReference/bay_delta_dem_v4.gdb/dem_delta_10m_20180615
422,523_chanpoly,4735246.289679874,864900.0,0.0,E:/dsm2GisReference/bay_delta_dem_v4.gdb/dem_delta_10m_20180615
423,527_chanpoly,19541.65250916849,20100.0,0.0,E:/dsm2GisReference/bay_delta_dem_v4.gdb/dem_delta_10m_20180615
424,528_chanpoly,111785.43009534478,17500.0,0.0,E:/dsm2GisReference/bay_delta_dem_v4.gdb/dem_delta_10m_20180615
426,52_chanpoly,12412131.001656502,1071100.0,0.0,E:/dsm2GisReference/bay_delta_dem_v4.gdb/dem_delta_10m_20180615
429,532_chanpoly,33.000000938773155,400.0,0.0,E:/dsm2GisReference/bay_delta_dem_v4.gdb/dem_delta_10m_20180615
430,53_chanpoly,11586666.001717187,2474000.0,0.0,E:/dsm2GisReference/bay_delta_dem_v4.gdb/dem_delta_10m_20180615
431,543_chanpoly,341118.00990228076,132100.0,0.0,E:/dsm2GisReference/bay_delta_dem_v4.gdb/dem_delta_10m_20180615
432,544_chanpoly,3207.2298840619624,7300.0,0.0,E:/dsm2GisReference/bay_delta_dem_v4.gdb/dem_delta_10m_20180615
433,549_chanpoly,19545.99997252226,18400.0,0.0,E:/dsm2GisReference/bay_delta_dem_v4.gdb/dem_delta_10m_20180615
434,54_chanpoly,73345.58603190817,55000.0,0.0,E:/dsm2GisReference/bay_delta_dem_v4.gdb/dem_delta_10m_20180615
435,550_chanpoly,16686.00004091859,17300.0,0.0,E:/dsm2GisReference/bay_delta_dem_v4.gdb/dem_delta_10m_20180615
436,552_chanpoly,107906.00032582879,132800.0,0.0,E:/dsm2GisReference/bay_delta_dem_v4.gdb/dem_delta_10m_20180615
437,553_chanpoly,243224.99990034848,188300.0,0.0,E:/dsm2GisReference/bay_delta_dem_v4.gdb/dem_delta_10m_20180615
438,555_chanpoly,22784.999976307154,24500.0,0.0,E:/dsm2GisReference/bay_delta_dem_v4.gdb/dem_delta_10m_20180615
439,556_chanpoly,1291611.998848617,311600.0,0.0,E:/dsm2GisReference/bay_delta_dem_v4.gdb/dem_delta_10m_20180615
440,557_chanpoly,547922.998422198,276400.0,0.0,E:/dsm2GisReference/bay_delta_dem_v4.gdb/dem_delta_10m_20180615
441,558_chanpoly,76789.9997998029,55500.0,0.0,E:/dsm2GisReference/bay_delta_dem_v4.gdb/dem_delta_10m_20180615
442,559_chanpoly,311548.9997550845,115300.0,0.0,E:/dsm2GisReference/bay_delta_dem_v4.gdb/dem_delta_10m_20180615
443,55_chanpoly,104493.79921290092,69200.0,0.0,E:/dsm2GisReference/bay_delta_dem_v4.gdb/dem_delta_10m_20180615
444,560_chanpoly,715716.9997952878,225700.0,0.0,E:/dsm2GisReference/bay_delta_dem_v4.gdb/dem_delta_10m_20180615
445,561_chanpoly,3212382.0008059964,359200.0,0.0,E:/dsm2GisReference/bay_delta_dem_v4.gdb/dem_delta_10m_20180615
446,56_chanpoly,133716.8517955346,69800.0,0.0,E:/dsm2GisReference/bay_delta_dem_v4.gdb/dem_delta_10m_20180615
447,57_chanpoly,124696.52217850089,72800.0,0.0,E:/dsm2GisReference/bay_delta_dem_v4.gdb/dem_delta_10m_20180615
448,58_chanpoly,164851.15843932144,75500.0,0.0,E:/dsm2GisReference/bay_delta_dem_v4.gdb/dem_delta_10m_20180615
449,59_chanpoly,86325.15826877207,29600.0,0.0,E:/dsm2GisReference/bay_delta_dem_v4.gdb/dem_delta_10m_20180615
450,5_chanpoly,41530.999982357025,26800.0,0.0,E:/dsm2GisReference/bay_delta_dem_v4.gdb/dem_delta_10m_20180615
451,60_chanpoly,255660.45109415427,83400.0,0.0,E:/dsm2GisReference/bay_delta_dem_v4.gdb/dem_delta_10m_20180615
452,61_chanpoly,280083.7962678168,98200.0,0.0,E:/dsm2GisReference/bay_delta_dem_v4.gdb/dem_delta_10m_20180615
453,62_chanpoly,190334.9262157455,87800.0,0.0,E:/dsm2GisReference/bay_delta_dem_v4.gdb/dem_delta_10m_20180615
454,63_chanpoly,8552.737547131255,10700.0,0.0,E:/dsm2GisReference/bay_delta_dem_v4.gdb/dem_delta_10m_20180615
455,65_chanpoly,20288.286041349056,31500.0,0.0,E:/dsm2GisReference/bay_delta_dem_v4.gdb/dem_delta_10m_20180615
456,66_chanpoly,19127.450877800584,17400.0,0.0,E:/dsm2GisReference/bay_delta_dem_v4.gdb/dem_delta_10m_20180615
457,67_chanpoly,2699.4730319827795,4800.0,0.0,E:/dsm2GisReference/bay_delta_dem_v4.gdb/dem_delta_10m_20180615
458,68_chanpoly,48680.642687798536,50900.0,0.0,E:/dsm2GisReference/bay_delta_dem_v4.gdb/dem_delta_10m_20180615
459,69_chanpoly,704.1803047643043,5100.0,0.0,E:/dsm2GisReference/bay_delta_dem_v4.gdb/dem_delta_10m_20180615
460,6_chanpoly,164443.4237900452,63600.0,0.0,E:/dsm2GisReference/bay_delta_dem_v4.gdb/dem_delta_10m_20180615
461,700_chanpoly,873157.8377246798,423900.0,0.0,E:/dsm2GisReference/bay_delta_dem_v4.gdb/dem_delta_10m_20180615
462,701_chanpoly,622167.0471993042,463500.0,0.0,E:/dsm2GisReference/bay_delta_dem_v4.gdb/dem_delta_10m_20180615
463,702_chanpoly,614349.3450188311,427100.0,0.0,E:/dsm2GisReference/bay_delta_dem_v4.gdb/dem_delta_10m_20180615
464,703_chanpoly,881222.341093712,345900.0,0.0,E:/dsm2GisReference/bay_delta_dem_v4.gdb/dem_delta_10m_20180615
465,70_chanpoly,52593.79782073083,40900.0,0.0,E:/dsm2GisReference/bay_delta_dem_v4.gdb/dem_delta_10m_20180615
466,710_chanpoly,164633.45898585394,108600.0,0.0,E:/dsm2GisReference/bay_delta_dem_v4.gdb/dem_delta_10m_20180615
467,711_chanpoly,299920.4544633976,140300.0,0.0,E:/dsm2GisReference/bay_delta_dem_v4.gdb/dem_delta_10m_20180615
468,712_chanpoly,325905.71557659423,126900.0,0.0,E:/dsm2GisReference/bay_delta_dem_v4.gdb/dem_delta_10m_20180615
469,713_chanpoly,458605.64234433696,166800.0,0.0,E:/dsm2GisReference/bay_delta_dem_v4.gdb/dem_delta_10m_20180615
470,714_chanpoly,291814.7576987278,108400.0,0.0,E:/dsm2GisReference/bay_delta_dem_v4.gdb/dem_delta_10m_20180615
471,71_chanpoly,62023.29066416714,57000.0,0.0,E:/dsm2GisReference/bay_delta_dem_v4.gdb/dem_delta_10m_20180615
472,72_chanpoly,75813.64837351721,54300.0,0.0,E:/dsm2GisReference/bay_delta_dem_v4.gdb/dem_delta_10m_20180615
473,73_chanpoly,82367.85396386404,74100.0,0.0,E:/dsm2GisReference/bay_delta_dem_v4.gdb/dem_delta_10m_20180615
474,74_chanpoly,86560.40618626866,67400.0,0.0,E:/dsm2GisReference/bay_delta_dem_v4.gdb/dem_delta_10m_20180615
475,75_chanpoly,100813.42505775392,69700.0,0.0,E:/dsm2GisReference/bay_delta_dem_v4.gdb/dem_delta_10m_20180615
476,76_chanpoly,165910.85842045577,129900.0,0.0,E:/dsm2GisReference/bay_delta_dem_v4.gdb/dem_delta_10m_20180615
477,77_chanpoly,130543.08890648826,85000.0,0.0,E:/dsm2GisReference/bay_delta_dem_v4.gdb/dem_delta_10m_20180615
478,78_chanpoly,68395.08411425631,41500.0,0.0,E:/dsm2GisReference/bay_delta_dem_v4.gdb/dem_delta_10m_20180615
479,79_chanpoly,75307.55575150251,51600.0,0.0,E:/dsm2GisReference/bay_delta_dem_v4.gdb/dem_delta_10m_20180615
480,7_chanpoly,367020.9218274569,190600.0,0.0,E:/dsm2GisReference/bay_delta_dem_v4.gdb/dem_delta_10m_20180615
481,80_chanpoly,103703.98343191482,66100.0,0.0,E:/dsm2GisReference/bay_delta_dem_v4.gdb/dem_delta_10m_20180615
482,81_chanpoly,237810.39842113387,71200.0,0.0,E:/dsm2GisReference/bay_delta_dem_v4.gdb/dem_delta_10m_20180615
483,82_chanpoly,374237.5319764222,77300.0,0.0,E:/dsm2GisReference/bay_delta_dem_v4.gdb/dem_delta_10m_20180615
484,83_chanpoly,8966342.414625548,961600.0,0.0,E:/dsm2GisReference/bay_delta_dem_v4.gdb/dem_delta_10m_20180615
485,84_chanpoly,373731.3510917127,61300.0,0.0,E:/dsm2GisReference/bay_delta_dem_v4.gdb/dem_delta_10m_20180615
486,85_chanpoly,513208.954722248,83800.0,0.0,E:/dsm2GisReference/bay_delta_dem_v4.gdb/dem_delta_10m_20180615
487,86_chanpoly,623199.8312940821,121100.0,0.0,E:/dsm2GisReference/bay_delta_dem_v4.gdb/dem_delta_10m_20180615
488,88_chanpoly,647599.3770349771,150400.0,0.0,E:/dsm2GisReference/bay_delta_dem_v4.gdb/dem_delta_10m_20180615
489,89_chanpoly,632221.8734231312,156700.0,0.0,E:/dsm2GisReference/bay_delta_dem_v4.gdb/dem_delta_10m_20180615
490,8_chanpoly,262878.19604808465,160600.0,0.0,E:/dsm2GisReference/bay_delta_dem_v4.gdb/dem_delta_10m_20180615
491,90_chanpoly,593485.5507578701,118500.0,0.0,E:/dsm2GisReference/bay_delta_dem_v4.gdb/dem_delta_10m_20180615
492,91_chanpoly,673996.8142012134,124500.0,0.0,E:/dsm2GisReference/bay_delta_dem_v4.gdb/dem_delta_10m_20180615
493,92_chanpoly,785062.5615200028,179700.0,0.0,E:/dsm2GisReference/bay_delta_dem_v4.gdb/dem_delta_10m_20180615
494,94_chanpoly,944538.2105726749,260900.0,0.0,E:/dsm2GisReference/bay_delta_dem_v4.gdb/dem_delta_10m_20180615
495,95_chanpoly,843636.3140531816,215400.0,0.0,E:/dsm2GisReference/bay_delta_dem_v4.gdb/dem_delta_10m_20180615
496,96_chanpoly,867565.5321309459,195600.0,0.0,E:/dsm2GisReference/bay_delta_dem_v4.gdb/dem_delta_10m_20180615
497,97_chanpoly,381178.17145353183,74700.0,0.0,E:/dsm2GisReference/bay_delta_dem_v4.gdb/dem_delta_10m_20180615
